cliente_id,compra_frecuencia,gasto_promedio,dias_ultima_compra,interaccion_promo,quejas_6m,canales_digitales,abandono
1,2.3,109.91,65.0,3,1,0.51,1
2,3.1,118.3,8.0,3,1,0.38,0
3,2.0,123.14,58.0,3,0,0.34,1
4,1.8,92.88,16.0,1,0,0.5,0
5,3.4,141.29,3.0,2,0,0.13,1
6,1.9,236.57,21.0,3,1,0.15,0
7,2.6,48.92,19.0,3,2,0.51,1
8,2.4,132.96,52.0,2,1,0.37,1
9,3.4,89.59,17.0,4,0,0.7,0
10,1.6,143.1,73.0,1,0,0.56,0
11,4.2,121.86,49.0,4,0,0.51,0
12,1.3,150.47,28.0,2,1,0.64,0
13,2.7,167.02,12.0,2,0,0.48,0
14,2.5,127.7,31.0,2,0,0.62,1
15,1.2,165.28,24.0,3,0,0.5,0
16,2.9,26.23,37.0,4,1,0.29,0
17,1.7,183.62,41.0,3,1,0.19,0
18,0.9,135.0,104.0,0,1,0.72,0
19,3.1,163.11,19.0,7,1,0.36,0
20,0.6,71.2,43.0,0,0,0.5,0
21,1.0,86.77,20.0,1,1,0.55,1
22,2.0,125.84,14.0,1,0,0.6,0
23,3.4,119.32,28.0,4,1,0.74,0
24,3.0,131.32,17.0,4,2,0.45,0
25,2.3,163.38,5.0,3,1,0.31,0
26,0.4,49.39,9.0,1,1,0.64,1
27,1.2,158.95,10.0,1,1,0.32,0
28,1.5,120.33,15.0,1,1,0.72,0
29,0.9,111.85,57.0,1,1,0.52,0
30,0.3,61.16,26.0,0,0,0.31,1
31,2.1,140.12,19.0,2,1,0.46,0
32,3.0,25.0,38.0,4,0,0.74,0
33,1.4,145.94,27.0,2,1,0.17,0
34,3.3,60.32,30.0,4,0,0.11,0
35,0.6,122.14,21.0,0,0,0.33,1
36,0.8,115.23,13.0,1,0,0.54,0
37,2.0,166.78,25.0,0,0,0.63,0
38,1.3,112.85,24.0,1,0,0.29,0
39,2.9,92.23,44.0,2,0,0.22,0
40,2.6,99.74,26.0,1,0,0.34,1
41,1.4,170.92,15.0,0,0,0.07,0
42,0.6,141.45,15.0,1,1,0.29,1
43,1.2,104.57,88.0,1,0,0.74,0
44,2.6,110.54,3.0,2,0,0.67,0
45,2.9,57.31,54.0,1,1,0.76,0
46,1.3,135.54,31.0,1,0,0.7,0
47,0.3,49.61,36.0,0,0,0.28,0
48,0.5,150.07,46.0,0,0,0.76,0
49,2.5,125.14,33.0,2,3,0.54,1
50,1.3,215.48,21.0,0,0,0.35,0
51,1.4,75.99,69.0,3,0,0.71,1
52,0.8,115.89,43.0,0,0,0.51,0
53,0.8,191.93,17.0,0,0,0.37,1
54,3.3,167.66,61.0,2,1,0.51,0
55,2.5,92.15,6.0,2,1,0.68,0
56,1.1,128.96,72.0,0,0,0.75,0
57,1.9,120.08,37.0,3,2,0.84,1
58,2.2,131.28,5.0,1,1,0.79,0
59,5.2,92.05,40.0,5,0,0.62,1
60,0.7,116.43,20.0,0,0,0.49,0
61,2.2,56.08,18.0,0,0,0.45,0
62,3.3,125.4,37.0,2,1,0.44,0
63,4.8,138.0,29.0,4,1,0.42,1
64,1.1,110.9,49.0,1,0,0.61,0
65,1.3,55.4,7.0,3,0,0.47,1
66,2.9,159.54,39.0,3,0,0.49,0
67,0.4,134.58,34.0,3,1,0.36,1
68,2.3,90.96,43.0,1,1,0.62,0
69,6.4,108.78,18.0,4,0,0.74,0
70,2.5,59.97,81.0,2,0,0.15,0
71,0.2,78.98,36.0,1,0,0.76,1
72,0.9,98.49,24.0,3,1,0.91,0
73,1.1,169.14,4.0,1,0,0.58,0
74,3.8,94.42,20.0,5,0,0.75,0
75,1.6,145.61,44.0,2,0,0.61,0
76,0.3,98.47,62.0,0,1,0.47,1
77,1.8,129.92,27.0,2,3,0.32,1
78,2.0,114.34,68.0,1,1,0.75,0
79,1.2,154.92,13.0,2,0,0.15,0
80,0.8,98.61,35.0,1,0,0.73,0
81,6.8,57.1,35.0,8,1,0.78,0
82,3.3,64.72,39.0,1,0,0.45,1
83,3.5,98.72,29.0,1,1,0.28,1
84,1.6,70.04,33.0,1,0,0.6,0
85,1.1,136.41,12.0,0,1,0.62,0
86,1.3,101.37,59.0,2,1,0.57,0
87,0.6,214.98,47.0,0,2,0.14,1
88,5.1,50.49,32.0,6,0,0.76,0
89,1.7,128.15,48.0,1,0,0.41,0
90,4.4,74.88,60.0,4,0,0.67,0
91,1.3,100.26,39.0,0,0,0.1,1
92,2.5,125.66,86.0,4,1,0.16,1
93,2.1,26.99,41.0,1,1,0.22,0
94,0.5,129.47,14.0,0,1,0.71,0
95,5.5,196.12,31.0,3,0,0.78,0
96,1.3,101.86,49.0,2,1,0.14,1
97,0.7,130.39,60.0,0,1,0.58,0
98,2.9,161.0,30.0,3,1,0.81,0
99,1.8,113.44,13.0,2,1,0.09,0
100,2.4,96.76,23.0,3,0,0.76,0
101,2.0,28.97,9.0,1,0,0.04,0
102,0.2,145.64,43.0,0,0,0.46,0
103,0.9,115.47,20.0,0,0,0.36,0
104,0.8,79.49,16.0,0,1,0.41,0
105,3.5,125.06,46.0,4,1,0.53,1
106,1.9,96.65,68.0,1,0,0.68,1
107,2.6,98.86,16.0,2,0,0.79,0
108,1.4,144.25,30.0,0,0,0.69,0
109,2.7,66.46,23.0,2,0,0.47,0
110,1.6,161.89,61.0,0,0,0.25,0
111,1.5,64.09,25.0,2,0,0.43,0
112,2.1,93.49,12.0,0,1,0.27,0
113,2.0,196.92,26.0,4,0,0.59,1
114,8.2,165.09,54.0,6,0,0.17,0
115,0.9,123.9,22.0,0,0,0.43,0
116,0.4,82.38,17.0,0,1,0.33,0
117,2.3,98.83,24.0,1,1,0.64,0
118,1.0,122.93,12.0,0,0,0.83,0
119,0.2,121.5,23.0,0,1,0.53,0
120,0.7,116.37,18.0,1,1,0.38,0
121,7.1,118.77,95.0,6,1,0.81,0
122,0.8,111.42,5.0,0,0,0.52,1
123,0.3,62.32,14.0,0,1,0.31,0
124,6.8,99.34,17.0,7,0,0.28,0
125,0.7,156.58,13.0,2,2,0.4,0
126,9.8,65.27,35.0,10,1,0.63,0
127,1.4,112.42,15.0,2,1,0.45,0
128,5.5,87.21,8.0,6,0,0.28,0
129,1.5,124.45,28.0,0,0,0.43,0
130,2.5,104.45,21.0,1,1,0.78,0
131,1.6,179.1,16.0,1,0,0.69,0
132,1.5,140.26,61.0,2,0,0.49,0
133,2.2,67.53,36.0,2,0,0.58,0
134,2.6,146.85,33.0,3,0,0.69,0
135,2.1,89.01,36.0,3,1,0.42,0
136,1.9,96.92,35.0,3,1,0.51,1
137,1.0,132.55,22.0,1,1,0.57,1
138,1.7,100.33,16.0,1,2,0.78,0
139,5.1,155.71,29.0,5,0,0.87,0
140,0.9,89.02,22.0,0,0,0.11,0
141,2.2,95.24,5.0,3,1,0.34,0
142,4.1,93.75,12.0,1,0,0.31,0
143,2.6,97.37,20.0,1,1,0.73,0
144,3.5,163.97,47.0,4,0,0.66,0
145,0.7,145.15,29.0,0,0,0.54,0
146,2.2,188.4,14.0,1,0,0.64,0
147,1.4,210.71,11.0,0,2,0.62,0
148,1.5,78.77,53.0,1,0,0.73,0
149,4.8,122.82,23.0,6,0,0.69,0
150,1.5,72.95,1.0,0,0,0.81,0
151,2.3,88.9,24.0,0,1,0.68,1
152,0.3,94.8,41.0,0,0,0.64,0
153,5.5,77.71,11.0,7,0,0.57,0
154,3.4,77.92,27.0,2,0,0.53,0
155,1.7,114.23,29.0,4,1,0.51,0
156,1.4,71.33,11.0,2,1,0.54,0
157,2.8,153.69,56.0,1,1,0.77,1
158,4.1,83.29,29.0,5,2,0.65,0
159,5.6,232.38,20.0,5,1,0.38,1
160,3.3,101.94,23.0,3,1,0.07,1
161,1.9,122.88,9.0,1,0,0.44,0
162,3.6,68.19,9.0,4,0,0.71,0
163,3.2,188.24,19.0,4,0,0.78,0
164,1.9,164.78,20.0,2,0,0.49,1
165,3.1,131.88,22.0,7,0,0.26,0
166,3.1,66.13,59.0,2,1,0.4,1
167,1.7,128.43,39.0,2,0,0.71,0
168,1.2,75.14,6.0,2,2,0.46,1
169,2.9,178.49,52.0,1,0,0.6,0
170,0.7,152.37,19.0,0,1,0.42,0
171,0.6,123.82,42.0,0,0,0.29,0
172,2.3,25.0,20.0,3,1,0.65,1
173,2.8,80.66,28.0,2,0,0.38,1
174,2.3,147.51,10.0,2,1,0.06,1
175,2.5,168.52,32.0,0,1,0.31,0
176,2.8,164.37,45.0,2,0,0.4,0
177,4.8,56.32,7.0,4,0,0.7,0
178,3.3,132.06,45.0,1,0,0.34,0
179,3.2,160.62,16.0,4,0,0.68,0
180,2.2,53.67,71.0,1,0,0.27,0
181,2.2,119.68,42.0,4,0,0.44,0
182,1.6,130.95,38.0,0,1,0.75,1
183,2.4,107.97,23.0,6,0,0.58,0
184,0.7,45.91,106.0,1,1,0.62,1
185,4.8,106.97,19.0,2,1,0.51,0
186,0.9,106.91,12.0,0,0,0.51,0
187,3.3,114.08,16.0,1,1,0.58,1
188,4.4,97.46,50.0,4,1,0.41,0
189,3.3,102.28,28.0,4,0,0.14,0
190,7.5,118.41,25.0,7,3,0.33,0
191,0.2,137.7,19.0,0,0,0.41,0
192,1.3,107.82,24.0,1,1,0.56,0
193,4.4,103.61,18.0,4,0,0.58,0
194,0.6,123.69,40.0,1,0,0.25,1
195,0.9,43.16,22.0,1,0,0.37,1
196,2.7,139.08,16.0,3,0,0.55,0
197,1.9,119.98,47.0,5,0,0.55,0
198,2.6,121.59,12.0,2,0,0.65,0
199,2.0,158.43,28.0,0,0,0.55,0
200,2.2,41.89,5.0,0,1,0.76,0
201,1.0,41.05,8.0,1,0,0.16,1
202,2.1,130.95,20.0,1,0,0.31,1
203,1.3,119.72,18.0,3,0,0.51,0
204,1.5,126.81,18.0,1,2,0.45,1
205,3.3,101.51,42.0,3,0,0.68,0
206,0.5,146.57,44.0,1,0,0.27,0
207,0.1,157.31,32.0,0,0,0.45,0
208,3.1,139.36,12.0,4,0,0.63,0
209,2.1,109.57,24.0,0,0,0.79,0
210,4.4,35.69,77.0,4,0,0.76,1
211,0.9,150.77,100.0,2,1,0.29,1
212,1.7,168.87,47.0,2,0,0.49,0
213,2.0,145.78,12.0,3,0,0.35,0
214,1.1,84.81,24.0,1,0,0.39,1
215,0.8,146.95,30.0,1,0,0.53,0
216,3.2,154.42,27.0,3,0,0.73,0
217,0.5,182.35,51.0,1,0,0.72,1
218,0.7,84.96,41.0,0,0,0.79,0
219,1.7,110.94,12.0,0,2,0.64,1
220,3.5,149.89,17.0,3,0,0.42,0
221,1.2,122.3,47.0,0,1,0.54,0
222,1.1,75.31,60.0,1,0,0.4,0
223,1.6,136.58,31.0,2,0,0.88,0
224,2.4,143.15,65.0,4,0,0.52,0
225,1.4,123.52,28.0,0,1,0.74,0
226,3.8,128.78,13.0,6,0,0.76,0
227,3.9,109.65,39.0,1,0,0.66,0
228,1.7,179.13,126.0,1,0,0.31,1
229,6.2,83.97,10.0,4,0,0.39,0
230,1.9,96.51,63.0,0,1,0.44,1
231,3.8,120.44,37.0,0,0,0.26,1
232,2.3,155.16,16.0,0,0,0.46,0
233,2.3,60.11,5.0,2,1,0.69,1
234,0.4,67.59,3.0,1,0,0.58,0
235,0.7,38.49,18.0,0,0,0.08,0
236,1.4,121.31,34.0,0,2,0.5,0
237,3.9,75.27,45.0,3,1,0.77,0
238,2.4,104.62,52.0,1,0,0.2,0
239,1.5,146.46,32.0,2,0,0.55,0
240,2.9,94.34,29.0,5,1,0.64,0
241,3.8,129.25,21.0,4,0,0.4,1
242,1.8,108.03,34.0,3,1,0.45,1
243,2.2,146.88,16.0,2,0,0.67,0
244,2.0,139.01,10.0,3,0,0.8,0
245,1.8,92.32,27.0,0,2,0.51,0
246,0.9,113.25,43.0,0,4,0.23,0
247,0.9,161.75,8.0,1,1,0.27,0
248,2.8,135.74,18.0,0,1,0.31,1
249,3.8,64.12,27.0,5,2,0.32,1
250,1.5,146.22,26.0,2,1,0.71,0
251,1.4,76.62,37.0,3,0,0.69,0
252,0.3,176.5,76.0,0,0,0.34,0
253,0.2,160.96,3.0,0,1,0.68,0
254,4.5,131.6,78.0,5,0,0.61,0
255,1.0,126.29,74.0,0,1,0.39,1
256,7.9,111.64,46.0,6,0,0.4,0
257,1.1,147.14,30.0,1,2,0.4,0
258,0.4,105.17,16.0,2,2,0.95,0
259,2.0,129.42,45.0,2,0,0.38,0
260,3.2,154.88,31.0,1,0,0.41,0
261,3.0,97.53,21.0,2,1,0.5,1
262,3.4,95.35,45.0,3,1,0.64,1
263,0.8,72.23,49.0,0,0,0.1,1
264,4.5,77.42,60.0,3,2,0.39,0
265,4.6,46.86,15.0,3,0,0.66,0
266,4.8,149.19,55.0,2,0,0.38,0
267,2.2,192.36,21.0,2,0,0.24,1
268,1.4,177.01,30.0,0,0,0.7,0
269,1.3,54.96,34.0,1,0,0.81,0
270,0.4,148.99,53.0,0,1,0.68,1
271,1.2,176.88,42.0,1,0,0.46,0
272,0.1,101.73,21.0,0,0,0.63,1
273,0.3,124.06,4.0,1,1,0.71,0
274,2.2,39.68,37.0,0,0,0.2,1
275,1.5,130.67,29.0,1,0,0.47,0
276,2.1,77.46,9.0,1,1,0.44,1
277,3.0,127.99,32.0,1,0,0.61,1
278,2.4,57.55,27.0,2,0,0.87,0
279,2.3,141.71,60.0,3,0,0.43,0
280,1.7,160.98,81.0,3,2,0.72,0
281,1.0,88.67,49.0,0,0,0.52,1
282,0.6,74.52,25.0,0,2,0.58,1
283,1.2,33.76,28.0,1,0,0.6,0
284,1.7,109.34,14.0,2,0,0.22,1
285,1.9,96.74,17.0,1,1,0.43,0
286,3.4,57.96,24.0,4,2,0.28,1
287,1.6,138.12,23.0,1,0,0.58,0
288,2.7,102.0,9.0,3,0,0.72,0
289,0.4,76.97,60.0,0,1,0.45,1
290,2.2,97.82,65.0,2,0,0.44,0
291,2.1,162.85,59.0,1,0,0.72,1
292,4.5,144.12,67.0,5,1,0.47,0
293,1.5,114.8,95.0,0,1,0.72,1
294,1.4,144.76,15.0,2,2,0.51,0
295,3.0,73.56,93.0,4,2,0.67,1
296,0.6,121.29,21.0,1,1,0.62,0
297,2.2,125.89,40.0,0,0,0.34,0
298,0.6,101.21,7.0,0,1,0.26,1
299,5.8,137.42,19.0,5,0,0.53,0
300,1.3,88.78,50.0,1,0,0.45,0
301,0.5,140.39,41.0,2,3,0.44,1
302,1.2,142.07,20.0,1,2,0.77,1
303,2.2,25.0,28.0,3,0,0.67,0
304,2.7,167.61,17.0,1,1,0.64,0
305,4.3,25.0,50.0,3,1,0.05,0
306,1.1,95.36,63.0,0,1,0.67,0
307,3.1,161.01,15.0,3,1,0.43,0
308,0.3,107.31,26.0,0,1,0.59,1
309,0.7,61.35,9.0,0,1,0.16,0
310,0.5,76.25,31.0,1,0,0.35,1
311,0.9,161.08,37.0,1,0,0.52,0
312,3.0,43.14,33.0,0,1,0.53,0
313,1.1,165.16,36.0,0,0,0.43,1
314,1.3,117.8,24.0,1,0,0.75,0
315,2.2,72.3,25.0,1,1,0.42,0
316,2.6,96.68,24.0,1,0,0.57,0
317,1.3,79.31,18.0,1,1,0.27,0
318,0.7,154.65,20.0,0,0,0.59,0
319,5.2,149.3,36.0,5,0,0.63,0
320,1.3,51.23,60.0,1,0,0.56,1
321,1.4,103.86,13.0,0,0,0.58,1
322,1.6,85.47,25.0,0,1,0.71,0
323,2.8,171.74,11.0,1,1,0.53,0
324,0.4,66.0,18.0,0,0,0.68,1
325,6.6,184.17,21.0,6,0,0.42,0
326,1.4,118.67,30.0,3,1,0.25,0
327,2.9,73.52,29.0,4,0,0.56,0
328,0.6,92.91,26.0,0,0,0.85,0
329,2.1,87.94,34.0,2,0,0.21,1
330,5.9,69.02,14.0,5,1,0.86,1
331,5.4,123.79,30.0,6,1,0.33,0
332,2.8,70.88,42.0,1,0,0.47,0
333,0.9,32.79,14.0,0,1,0.36,1
334,4.2,104.81,6.0,3,0,0.68,0
335,0.3,47.89,49.0,0,1,0.68,1
336,0.8,89.91,11.0,0,0,0.47,0
337,1.7,83.64,18.0,3,0,0.76,0
338,0.4,85.15,41.0,1,0,0.78,0
339,1.2,200.04,13.0,0,1,0.61,0
340,3.2,122.26,47.0,2,3,0.45,0
341,1.0,129.81,16.0,0,2,0.55,1
342,3.3,48.94,14.0,3,0,0.41,0
343,7.7,93.84,11.0,6,1,0.36,0
344,2.4,128.61,16.0,0,1,0.28,1
345,3.3,79.02,38.0,4,1,0.37,0
346,4.2,156.32,18.0,6,1,0.35,0
347,1.3,71.89,49.0,1,0,0.6,1
348,3.2,108.55,27.0,3,2,0.62,0
349,1.3,96.56,28.0,1,1,0.44,0
350,2.3,126.57,14.0,1,1,0.26,1
351,3.5,94.38,54.0,1,0,0.46,0
352,0.9,109.16,42.0,1,0,0.94,0
353,0.1,110.55,42.0,0,0,0.34,0
354,0.8,90.62,23.0,1,1,0.65,0
355,3.9,139.4,10.0,3,0,0.48,0
356,0.7,129.54,29.0,0,1,0.72,0
357,3.8,116.46,37.0,2,0,0.16,0
358,0.8,102.78,37.0,2,1,0.4,1
359,1.5,151.86,34.0,0,0,0.63,1
360,1.8,110.57,33.0,0,1,0.24,0
361,0.7,107.73,16.0,0,0,0.49,0
362,1.6,124.19,16.0,2,1,0.22,1
363,0.4,187.86,11.0,3,2,0.18,1
364,1.4,66.39,50.0,0,0,0.6,1
365,1.7,150.79,79.0,3,0,0.62,1
366,0.1,44.27,125.0,0,1,0.44,1
367,0.8,128.69,31.0,1,1,0.55,0
368,2.3,183.0,33.0,0,1,0.74,0
369,0.6,139.55,24.0,0,0,0.53,1
370,2.5,126.83,30.0,3,0,0.49,0
371,2.7,97.58,13.0,2,2,0.24,1
372,2.3,121.24,24.0,1,0,0.51,0
373,3.2,109.92,15.0,4,0,0.16,0
374,0.4,88.56,22.0,2,0,0.35,1
375,3.7,108.4,16.0,3,3,0.32,0
376,0.7,127.94,37.0,1,0,0.18,0
377,2.0,89.31,40.0,3,1,0.52,0
378,5.8,87.75,32.0,4,1,0.54,0
379,1.4,65.59,17.0,2,0,0.19,1
380,1.8,135.63,10.0,1,1,0.38,0
381,0.7,141.81,40.0,1,1,0.5,0
382,5.7,129.27,27.0,3,0,0.3,0
383,0.8,158.61,6.0,0,0,0.68,0
384,2.9,123.51,29.0,2,0,0.74,1
385,4.2,135.68,33.0,4,0,0.45,0
386,3.1,132.15,8.0,4,0,0.53,0
387,2.4,116.34,37.0,6,1,0.47,1
388,2.0,98.77,9.0,0,0,0.35,0
389,0.6,208.57,15.0,0,0,0.2,0
390,5.5,101.92,9.0,4,0,0.12,0
391,2.2,93.36,14.0,2,1,0.74,0
392,1.9,137.36,10.0,1,0,0.44,0
393,0.7,130.07,50.0,1,0,0.88,1
394,1.9,63.81,23.0,2,0,0.38,0
395,1.8,164.91,19.0,0,0,0.27,0
396,5.8,116.23,52.0,5,0,0.52,1
397,1.8,75.56,51.0,2,1,0.25,0
398,1.9,167.55,20.0,1,0,0.74,0
399,0.7,145.03,32.0,0,0,0.56,0
400,1.0,69.42,17.0,0,1,0.2,0
401,2.7,191.09,25.0,2,0,0.19,0
402,0.3,146.35,12.0,0,0,0.38,0
403,3.6,119.59,35.0,4,1,0.4,0
404,3.7,183.61,54.0,2,1,0.19,1
405,0.9,126.37,48.0,1,0,0.94,1
406,2.4,118.88,28.0,2,2,0.21,1
407,4.3,93.59,5.0,5,1,0.47,0
408,1.7,143.27,17.0,0,0,0.39,1
409,1.4,139.06,25.0,0,2,0.2,0
410,1.6,120.59,9.0,1,1,0.14,0
411,2.2,88.4,8.0,2,0,0.78,1
412,1.1,125.2,63.0,0,1,0.35,0
413,1.3,117.21,45.0,2,1,0.27,0
414,2.2,66.66,37.0,1,1,0.39,0
415,1.2,61.13,41.0,0,2,0.73,1
416,0.6,142.61,11.0,0,0,0.3,0
417,0.3,25.0,14.0,1,0,0.47,0
418,1.9,128.22,31.0,3,0,0.65,0
419,4.2,100.88,32.0,4,0,0.52,0
420,2.5,172.33,9.0,2,0,0.44,0
421,0.7,100.26,29.0,1,2,0.77,1
422,1.0,146.38,25.0,1,0,0.15,0
423,1.4,104.12,47.0,0,1,0.29,1
424,5.9,124.55,33.0,5,1,0.86,0
425,6.1,149.47,67.0,4,0,0.67,0
426,5.6,101.5,20.0,4,0,0.38,0
427,2.0,159.86,11.0,2,1,0.5,0
428,11.1,80.25,66.0,9,1,0.62,1
429,1.0,131.78,34.0,1,0,0.81,0
430,1.4,156.91,25.0,0,1,0.54,0
431,3.5,146.4,14.0,3,0,0.41,0
432,2.3,196.66,21.0,3,0,0.25,1
433,2.4,89.46,20.0,1,1,0.59,0
434,0.8,64.83,11.0,0,0,0.22,0
435,1.8,80.23,4.0,0,3,0.25,1
436,1.0,146.42,20.0,0,1,0.49,0
437,0.5,139.92,42.0,3,0,0.6,0
438,1.1,124.09,57.0,1,1,0.19,1
439,2.3,75.08,48.0,1,1,0.66,1
440,3.1,150.67,50.0,2,0,0.25,0
441,0.2,71.01,12.0,2,0,0.43,0
442,1.8,166.36,31.0,1,1,0.21,0
443,1.7,234.3,37.0,2,1,0.14,0
444,2.2,134.66,39.0,1,0,0.5,0
445,0.7,143.32,25.0,0,1,0.22,0
446,0.7,100.29,29.0,1,1,0.15,1
447,4.2,47.59,47.0,0,1,0.42,0
448,0.9,95.89,36.0,1,0,0.53,1
449,1.3,76.28,41.0,0,0,0.17,0
450,1.4,62.12,19.0,2,2,0.8,1
451,1.0,188.89,39.0,1,1,0.73,1
452,2.6,130.91,29.0,3,1,0.12,0
453,2.4,135.19,44.0,0,1,0.59,0
454,1.6,107.64,16.0,2,1,0.4,0
455,1.1,113.09,42.0,3,1,0.27,0
456,1.5,158.58,21.0,0,0,0.34,0
457,1.9,118.71,42.0,1,0,0.35,0
458,1.0,141.23,31.0,2,1,0.65,0
459,2.7,112.16,27.0,1,0,0.53,0
460,3.6,106.31,22.0,4,0,0.28,0
461,4.7,63.72,25.0,5,0,0.46,0
462,4.5,40.89,20.0,1,1,0.41,1
463,1.4,109.54,21.0,1,0,0.47,1
464,2.0,122.26,36.0,2,1,0.69,0
465,1.6,68.55,7.0,1,1,0.53,1
466,1.6,118.62,42.0,3,0,0.34,0
467,1.5,122.15,42.0,0,0,0.73,0
468,1.8,33.76,22.0,1,0,0.85,0
469,4.0,83.4,29.0,5,0,0.8,0
470,2.3,136.29,13.0,1,0,0.39,0
471,0.6,135.48,34.0,1,0,0.65,0
472,3.5,73.85,14.0,1,1,0.48,0
473,2.2,126.34,2.0,2,1,0.16,0
474,2.6,160.9,55.0,0,1,0.28,0
475,2.3,151.08,12.0,2,2,0.3,0
476,2.4,116.19,25.0,3,1,0.54,0
477,2.4,101.28,30.0,3,1,0.81,0
478,0.3,94.83,36.0,2,0,0.31,1
479,2.6,138.71,27.0,3,0,0.69,0
480,1.0,127.8,32.0,1,1,0.14,1
481,1.2,145.18,22.0,1,1,0.78,1
482,1.8,125.27,8.0,3,0,0.46,0
483,5.2,152.75,26.0,5,0,0.36,0
484,0.7,123.78,39.0,1,2,0.47,1
485,1.8,151.39,12.0,1,1,0.6,1
486,1.5,154.83,30.0,1,0,0.55,0
487,3.5,87.82,75.0,4,0,0.31,1
488,1.5,47.67,25.0,0,0,0.56,0
489,2.2,181.74,26.0,1,0,0.32,0
490,0.7,130.27,7.0,2,1,0.16,1
491,3.9,51.42,11.0,3,2,0.52,1
492,0.5,91.45,14.0,0,1,0.54,0
493,2.6,150.87,38.0,2,0,0.24,0
494,2.2,108.81,13.0,1,1,0.5,1
495,2.4,99.52,5.0,2,1,0.14,0
496,0.5,176.04,34.0,2,1,0.8,0
497,1.4,78.11,15.0,4,0,0.28,0
498,3.4,88.07,7.0,3,1,0.45,1
499,5.7,128.46,41.0,6,0,0.47,0
500,1.7,135.62,20.0,1,1,0.84,0
501,3.2,139.85,36.0,4,0,0.1,0
502,2.0,156.45,7.0,1,0,0.9,0
503,1.8,127.94,3.0,0,0,0.75,0
504,1.3,139.58,28.0,3,2,0.52,0
505,1.8,109.63,11.0,3,0,0.57,0
506,3.0,122.51,28.0,2,0,0.48,1
507,3.1,124.3,28.0,3,2,0.24,1
508,0.6,128.6,26.0,0,0,0.6,0
509,1.2,150.9,50.0,0,2,0.6,1
510,0.7,142.21,114.0,0,1,0.7,1
511,1.9,121.77,33.0,0,0,0.85,0
512,1.4,87.63,75.0,1,1,0.27,0
513,2.4,122.71,20.0,2,0,0.67,1
514,2.5,118.88,9.0,2,2,0.88,0
515,0.2,127.73,16.0,0,1,0.48,0
516,1.8,208.26,21.0,3,1,0.77,0
517,4.1,99.05,79.0,4,1,0.92,0
518,1.2,136.89,27.0,2,0,0.79,0
519,1.2,162.74,51.0,0,2,0.76,0
520,3.6,123.92,19.0,3,0,0.64,1
521,3.2,213.51,18.0,4,1,0.47,1
522,0.8,104.88,7.0,0,0,0.68,0
523,3.0,132.96,78.0,1,3,0.8,1
524,0.9,88.05,61.0,0,0,0.66,0
525,1.2,105.94,30.0,0,1,0.5,0
526,0.8,129.96,22.0,0,0,0.56,0
527,0.6,153.85,28.0,0,2,0.68,0
528,2.0,132.76,9.0,1,0,0.35,0
529,0.5,170.36,36.0,1,2,0.3,1
530,2.1,116.2,58.0,0,1,0.69,0
531,2.0,106.71,60.0,1,1,0.69,1
532,1.6,228.16,7.0,2,2,0.09,0
533,1.3,135.77,51.0,0,0,0.77,0
534,1.1,91.22,9.0,0,0,0.43,0
535,0.7,92.23,4.0,0,3,0.71,0
536,4.7,82.29,52.0,0,0,0.42,0
537,1.6,157.46,18.0,1,2,0.59,0
538,1.5,105.42,47.0,0,1,0.65,1
539,0.8,125.09,45.0,0,0,0.51,1
540,4.4,117.46,41.0,8,0,0.65,0
541,1.1,149.26,28.0,2,0,0.24,0
542,2.2,86.13,10.0,1,0,0.38,1
543,2.5,76.98,21.0,1,3,0.45,1
544,2.0,128.97,61.0,1,0,0.4,0
545,0.5,144.04,48.0,1,0,0.45,0
546,2.9,133.3,22.0,4,1,0.84,0
547,1.1,87.62,22.0,0,2,0.21,1
548,3.2,147.1,39.0,1,0,0.72,0
549,1.7,90.25,29.0,1,0,0.53,0
550,2.6,99.14,23.0,4,0,0.55,0
551,4.2,82.24,37.0,5,0,0.79,0
552,2.9,172.05,36.0,1,1,0.54,0
553,2.7,145.34,16.0,2,1,0.72,0
554,3.0,144.2,33.0,1,2,0.8,0
555,0.9,169.89,35.0,1,1,0.44,1
556,3.3,232.51,26.0,5,2,0.56,0
557,1.5,51.63,15.0,1,1,0.2,0
558,1.5,90.46,21.0,0,2,0.31,1
559,1.9,95.35,13.0,2,0,0.36,0
560,1.4,85.97,33.0,1,1,0.69,0
561,0.8,76.9,7.0,1,0,0.21,0
562,1.8,108.01,64.0,1,2,0.64,0
563,1.5,71.34,57.0,2,0,0.79,0
564,1.5,133.4,35.0,1,1,0.41,0
565,1.7,122.07,46.0,0,1,0.32,0
566,0.2,139.24,44.0,0,1,0.59,0
567,1.5,140.31,29.0,0,1,0.58,1
568,4.6,144.12,23.0,3,1,0.5,0
569,4.3,105.06,22.0,4,0,0.68,0
570,1.9,204.85,66.0,0,1,0.75,0
571,1.8,129.38,15.0,0,0,0.47,0
572,0.1,45.5,15.0,0,1,0.2,1
573,1.2,79.9,49.0,0,0,0.41,0
574,3.0,50.38,46.0,4,0,0.32,0
575,1.3,120.69,22.0,3,0,0.74,0
576,3.7,115.13,38.0,1,2,0.27,1
577,3.6,101.26,41.0,4,0,0.61,0
578,1.1,200.44,10.0,1,0,0.6,0
579,2.0,141.96,59.0,5,0,0.26,0
580,4.8,149.04,41.0,3,1,0.82,0
581,0.5,82.76,36.0,0,0,0.74,0
582,1.4,80.03,41.0,1,1,0.54,0
583,0.4,121.47,33.0,1,0,0.6,0
584,0.9,126.92,25.0,1,0,0.39,0
585,5.8,45.75,5.0,5,1,0.57,0
586,1.4,112.79,29.0,0,0,0.18,0
587,0.2,120.56,9.0,1,1,0.64,0
588,0.8,111.39,82.0,1,0,0.32,0
589,0.4,87.46,25.0,0,0,0.81,0
590,2.1,98.42,81.0,2,0,0.33,1
591,2.5,112.93,30.0,2,0,0.46,1
592,3.3,123.63,17.0,3,0,0.66,0
593,2.9,144.19,58.0,2,1,0.51,0
594,0.5,163.23,35.0,1,2,0.53,1
595,2.4,108.23,100.0,5,0,0.25,0
596,1.6,101.75,17.0,1,3,0.49,0
597,3.7,137.51,59.0,2,0,0.51,0
598,3.1,144.43,61.0,2,0,0.48,0
599,6.3,102.63,43.0,7,1,0.73,0
600,0.8,151.62,62.0,0,0,0.31,0
601,0.7,159.18,25.0,0,1,0.47,1
602,1.2,171.67,15.0,1,1,0.15,0
603,1.7,191.13,19.0,0,1,0.4,1
604,1.0,85.34,28.0,0,1,0.13,0
605,0.8,120.56,44.0,1,2,0.34,0
606,2.3,120.45,15.0,1,0,0.81,0
607,1.2,116.08,22.0,1,1,0.68,0
608,1.0,94.03,16.0,2,0,0.75,0
609,0.5,60.58,49.0,0,0,0.43,1
610,0.1,123.71,81.0,0,0,0.52,0
611,4.4,89.27,13.0,3,0,0.78,0
612,4.3,123.44,39.0,4,1,0.42,0
613,3.2,88.24,53.0,3,1,0.54,0
614,2.7,76.01,24.0,1,0,0.33,1
615,1.1,129.37,9.0,1,0,0.65,0
616,2.8,126.04,57.0,2,2,0.43,1
617,0.7,143.17,9.0,0,0,0.65,1
618,2.0,207.43,68.0,2,0,0.32,0
619,0.9,131.09,16.0,0,0,0.73,0
620,2.8,139.4,8.0,2,1,0.3,0
621,5.0,76.9,20.0,5,2,0.11,0
622,0.7,68.52,27.0,0,1,0.4,1
623,1.2,183.31,31.0,1,1,0.73,0
624,1.9,83.06,41.0,1,1,0.36,0
625,0.3,78.24,33.0,0,0,0.53,0
626,0.4,118.44,77.0,2,1,0.37,1
627,4.9,116.39,26.0,3,0,0.68,0
628,2.3,83.9,34.0,1,1,0.79,0
629,1.1,107.8,32.0,2,2,0.48,1
630,1.8,169.18,7.0,2,0,0.25,0
631,1.2,87.76,11.0,1,0,0.46,1
632,2.0,64.25,28.0,0,1,0.73,1
633,1.3,157.7,36.0,0,0,0.24,0
634,1.7,139.69,5.0,2,0,0.52,0
635,2.9,95.18,79.0,1,0,0.46,0
636,2.8,56.71,38.0,1,1,0.06,1
637,4.8,90.22,27.0,5,2,0.29,1
638,2.4,117.81,37.0,1,0,0.38,0
639,1.9,166.63,19.0,0,0,0.75,0
640,5.2,78.54,31.0,2,1,0.54,0
641,1.5,116.62,34.0,1,1,0.48,0
642,0.2,147.01,58.0,1,3,0.67,1
643,3.2,25.0,25.0,4,1,0.73,0
644,2.2,161.35,9.0,0,0,0.84,0
645,1.8,72.7,14.0,0,0,0.54,0
646,3.3,133.28,23.0,3,0,0.35,0
647,1.3,129.87,10.0,1,1,0.69,0
648,0.2,163.38,13.0,0,0,0.42,0
649,3.3,142.04,14.0,5,1,0.68,1
650,1.0,25.0,22.0,1,1,0.34,1
651,0.8,88.61,38.0,0,0,0.4,0
652,0.2,125.53,21.0,3,1,0.31,0
653,3.1,112.2,40.0,1,0,0.56,1
654,0.1,139.1,27.0,2,0,0.48,0
655,4.2,151.57,14.0,3,1,0.48,0
656,1.4,144.34,35.0,1,1,0.67,0
657,3.2,111.43,31.0,5,0,0.43,0
658,2.5,46.15,40.0,2,0,0.39,0
659,5.9,101.78,46.0,5,0,0.49,0
660,2.4,136.65,59.0,1,0,0.71,0
661,4.1,76.38,39.0,4,1,0.84,1
662,1.1,145.25,31.0,1,0,0.32,0
663,0.4,156.34,40.0,0,1,0.92,1
664,3.6,125.07,20.0,4,0,0.62,0
665,0.4,25.0,19.0,1,0,0.34,1
666,3.1,68.88,64.0,2,0,0.49,1
667,0.7,195.45,18.0,0,0,0.22,1
668,2.2,98.14,15.0,2,1,0.42,1
669,5.9,40.63,39.0,1,1,0.69,1
670,2.9,169.41,20.0,1,1,0.79,0
671,1.5,120.53,45.0,1,0,0.21,0
672,2.5,164.2,56.0,0,0,0.16,0
673,1.2,131.08,16.0,0,0,0.45,1
674,7.5,138.34,42.0,6,2,0.44,0
675,1.0,134.52,18.0,0,1,0.68,1
676,1.7,147.9,24.0,5,0,0.16,1
677,2.8,211.1,34.0,4,1,0.59,1
678,2.4,158.84,19.0,2,0,0.74,1
679,2.6,56.79,32.0,5,1,0.93,0
680,1.2,137.87,25.0,2,1,0.64,0
681,1.5,165.66,46.0,1,0,0.24,1
682,3.5,168.11,46.0,4,0,0.36,0
683,3.4,102.94,19.0,1,1,0.32,0
684,2.4,166.6,34.0,3,0,0.52,1
685,4.4,157.11,50.0,4,3,0.88,1
686,3.6,222.9,13.0,0,0,0.34,0
687,3.3,90.0,25.0,2,1,0.45,0
688,0.4,99.7,33.0,2,2,0.03,0
689,2.4,107.76,13.0,1,0,0.23,1
690,2.1,100.39,21.0,1,1,0.35,0
691,4.8,84.4,72.0,3,0,0.73,0
692,1.6,25.0,18.0,1,0,0.69,0
693,2.0,102.61,20.0,3,2,0.77,1
694,0.7,134.77,39.0,1,2,0.31,0
695,0.8,100.27,11.0,0,0,0.67,0
696,4.8,197.42,25.0,3,1,0.56,0
697,2.6,120.54,15.0,0,0,0.59,0
698,6.0,171.64,32.0,5,0,0.19,0
699,1.6,130.46,2.0,2,4,0.63,0
700,0.5,153.06,29.0,1,0,0.92,0
701,1.4,131.17,34.0,1,3,0.34,0
702,1.2,174.75,21.0,1,0,0.2,0
703,3.0,122.24,22.0,2,1,0.97,0
704,2.9,139.84,19.0,3,0,0.65,0
705,2.7,134.65,25.0,2,0,0.7,0
706,7.2,108.47,64.0,5,0,0.84,0
707,4.3,136.2,47.0,4,0,0.79,0
708,0.9,209.38,25.0,2,3,0.35,0
709,3.6,109.18,21.0,3,0,0.21,1
710,1.9,136.78,44.0,0,0,0.78,0
711,1.6,170.31,30.0,0,0,0.37,1
712,4.6,165.61,12.0,4,0,0.26,0
713,0.8,120.47,23.0,1,2,0.82,0
714,3.5,25.0,60.0,3,0,0.28,0
715,3.1,140.67,38.0,3,0,0.42,0
716,0.8,31.22,21.0,0,0,0.82,1
717,0.4,178.8,8.0,1,0,0.14,0
718,1.7,126.78,32.0,2,0,0.89,0
719,3.9,159.99,28.0,3,0,0.14,0
720,2.4,83.92,24.0,2,0,0.38,0
721,4.7,57.9,45.0,2,1,0.21,1
722,2.3,130.43,38.0,2,0,0.44,1
723,4.9,118.66,9.0,5,0,0.54,0
724,1.1,100.34,28.0,2,0,0.26,1
725,2.7,123.39,11.0,2,1,0.46,1
726,1.3,230.7,19.0,0,2,0.28,1
727,1.7,153.38,10.0,2,0,0.48,0
728,2.0,161.98,10.0,2,0,0.26,1
729,2.4,153.76,34.0,1,0,0.51,0
730,1.0,179.18,32.0,2,1,0.25,0
731,2.6,112.4,26.0,0,0,0.51,0
732,1.9,37.81,18.0,0,0,0.23,0
733,0.5,112.46,9.0,0,0,0.38,1
734,0.3,152.47,19.0,0,1,0.57,0
735,3.9,81.21,32.0,5,0,0.27,0
736,1.6,112.95,32.0,1,0,0.09,1
737,0.4,92.33,60.0,0,1,0.08,1
738,5.5,180.08,55.0,4,1,0.58,0
739,2.8,149.98,27.0,2,0,0.7,0
740,2.3,146.06,19.0,1,1,0.82,0
741,0.9,144.86,15.0,0,0,0.7,0
742,0.5,118.51,8.0,1,1,0.43,0
743,2.1,127.9,11.0,0,0,0.02,1
744,1.8,72.59,32.0,2,1,0.23,0
745,0.7,32.54,40.0,0,0,0.55,1
746,0.7,126.0,22.0,1,0,0.28,0
747,0.6,132.96,98.0,1,1,0.59,1
748,0.6,168.37,12.0,0,0,0.56,0
749,1.1,182.85,8.0,0,1,0.59,0
750,2.3,182.8,97.0,4,1,0.39,0
751,2.6,80.08,9.0,2,0,0.8,1
752,1.8,105.91,22.0,2,0,0.38,0
753,2.0,139.21,16.0,0,1,0.81,0
754,2.7,221.28,34.0,1,1,0.25,1
755,0.2,179.2,21.0,0,2,0.78,0
756,2.1,164.78,40.0,3,2,0.57,1
757,4.4,104.49,45.0,3,0,0.24,1
758,1.6,84.67,8.0,2,1,0.11,0
759,3.8,151.56,15.0,4,0,0.69,0
760,1.6,75.97,42.0,0,0,0.37,0
761,2.9,110.46,51.0,2,1,0.41,1
762,2.3,115.41,30.0,1,1,0.54,1
763,0.6,183.72,35.0,0,0,0.36,0
764,0.8,105.81,62.0,1,1,0.76,0
765,4.9,25.0,21.0,4,0,0.54,0
766,3.3,140.18,30.0,2,0,0.82,0
767,1.7,92.04,55.0,2,1,0.26,0
768,1.5,121.71,57.0,1,0,0.44,1
769,0.9,116.53,25.0,1,0,0.43,0
770,2.5,109.05,15.0,2,0,0.19,0
771,1.0,151.61,25.0,0,0,0.79,0
772,1.4,58.69,26.0,2,0,0.51,0
773,1.1,99.32,15.0,1,0,0.34,0
774,3.2,147.36,16.0,2,0,0.25,1
775,1.6,95.44,57.0,0,1,0.49,1
776,2.0,55.65,36.0,2,0,0.08,0
777,0.6,146.74,22.0,1,0,0.46,0
778,1.1,164.92,12.0,0,0,0.28,0
779,2.1,118.2,17.0,3,1,0.39,0
780,0.4,41.57,7.0,1,0,0.29,1
781,1.5,148.24,30.0,0,0,0.74,0
782,1.8,53.6,16.0,2,0,0.65,0
783,0.6,132.35,32.0,0,0,0.67,0
784,3.7,84.5,41.0,8,0,0.36,0
785,2.4,73.61,32.0,1,1,0.53,0
786,1.6,102.32,20.0,1,1,0.21,0
787,1.0,112.67,14.0,1,0,0.44,0
788,0.4,94.23,11.0,0,2,0.93,1
789,3.5,143.55,53.0,4,1,0.56,0
790,1.3,102.16,31.0,1,0,0.87,0
791,0.5,159.21,21.0,0,0,0.13,0
792,1.0,131.25,38.0,1,0,0.28,1
793,2.6,92.1,48.0,4,0,0.55,0
794,2.2,85.36,16.0,3,0,0.39,1
795,0.7,54.1,31.0,0,0,0.77,0
796,4.0,131.63,31.0,2,2,0.68,1
797,0.5,105.82,60.0,0,0,0.51,0
798,4.5,25.11,21.0,6,1,0.4,0
799,2.1,98.57,14.0,2,1,0.38,0
800,1.3,83.96,33.0,1,0,0.43,0
