fecha,tienda,gasto_marketing,estacionalidad,precio_relativo,actividad_competencia,indicador_macro,comportamiento_previo,ingreso_mensual
2023-01-01,1,46.41,0.7835,0.96,2.69,-0.831,217.84,420.4
2023-02-01,1,41.15,0.875,1.019,5.96,-0.663,288.7,426.37
2023-03-01,1,42.76,1.0,0.928,6.56,0.565,293.29,490.76
2023-04-01,1,15.64,1.125,1.035,2.03,-0.367,194.23,321.09
2023-05-01,1,43.97,1.2165,0.975,7.46,-0.086,275.81,472.63
2023-06-01,1,22.12,1.25,0.942,2.0,-1.458,281.08,398.95
2023-07-01,1,59.93,1.2165,1.004,2.63,2.326,302.82,591.94
2023-08-01,1,45.25,1.125,1.031,3.07,0.071,349.99,493.86
2023-09-01,1,37.47,1.0,0.932,8.46,0.499,158.05,365.44
2023-10-01,1,52.69,0.875,0.981,7.32,-0.541,190.46,402.71
2023-11-01,1,37.41,0.7835,1.037,5.31,-0.653,179.02,349.75
2023-12-01,1,35.4,0.75,0.939,8.2,1.913,180.89,389.03
2024-01-01,1,18.05,0.7835,0.867,8.13,-1.917,240.85,312.99
2024-02-01,1,42.3,0.875,0.877,3.9,0.279,325.71,501.53
2024-03-01,1,25.61,1.0,0.967,7.81,-1.212,239.74,337.28
2024-04-01,1,7.37,1.125,0.895,2.06,-0.405,283.7,353.85
2024-05-01,1,49.88,1.2165,0.972,5.03,-0.638,225.3,448.23
2024-06-01,1,7.85,1.25,1.133,1.18,-0.986,213.93,303.57
2024-07-01,1,41.98,1.2165,0.89,4.27,0.035,316.85,492.74
2024-08-01,1,13.62,1.125,0.977,5.2,-2.568,281.11,317.37
2024-09-01,1,28.79,1.0,1.171,0.8,-0.315,220.18,380.79
2024-10-01,1,52.25,0.875,1.033,4.63,-0.09,332.83,492.68
2024-11-01,1,10.19,0.7835,0.971,6.52,-1.359,249.7,308.89
2024-12-01,1,41.69,0.75,0.987,6.14,1.513,187.65,396.75
2025-01-01,1,38.69,0.7835,1.034,0.54,-0.594,246.64,419.77
2023-01-01,2,52.71,0.7835,1.136,0.95,-0.237,284.94,476.54
2023-02-01,2,14.5,0.875,0.958,3.51,-0.592,223.42,312.43
2023-03-01,2,48.99,1.0,0.939,8.43,-0.082,318.76,484.12
2023-04-01,2,29.76,1.125,0.89,8.7,1.308,256.63,438.28
2023-05-01,2,28.58,1.2165,1.008,3.1,2.473,243.55,441.21
2023-06-01,2,24.9,1.25,0.888,7.19,0.746,321.74,452.86
2023-07-01,2,26.21,1.2165,0.963,5.77,1.088,242.58,411.94
2023-08-01,2,33.6,1.125,0.927,9.83,1.716,232.88,414.61
2023-09-01,2,10.87,1.0,1.086,0.95,0.249,170.74,300.68
2023-10-01,2,28.38,0.875,0.959,5.48,1.57,222.5,394.09
2023-11-01,2,40.86,0.7835,1.032,5.93,0.792,229.41,413.98
2023-12-01,2,32.4,0.75,0.872,3.08,0.144,186.12,357.06
2024-01-01,2,14.12,0.7835,1.011,0.47,0.35,267.56,363.89
2024-02-01,2,24.97,0.875,0.904,0.52,-1.821,178.77,331.24
2024-03-01,2,29.36,1.0,0.966,4.54,0.292,194.74,363.76
2024-04-01,2,41.79,1.125,1.177,6.92,-1.544,262.22,408.77
2024-05-01,2,54.54,1.2165,1.075,7.0,-1.625,203.8,408.31
2024-06-01,2,35.27,1.25,0.99,1.81,0.193,277.93,439.65
2024-07-01,2,42.2,1.2165,1.256,8.58,-1.114,288.1,413.67
2024-08-01,2,9.25,1.125,0.927,3.77,-0.007,210.26,306.67
2024-09-01,2,57.5,1.0,1.093,9.64,0.138,167.48,381.3
2024-10-01,2,22.34,0.875,0.877,1.18,0.183,247.89,402.01
2024-11-01,2,24.49,0.7835,0.98,8.36,-0.904,168.58,291.93
2024-12-01,2,17.26,0.75,0.892,9.08,0.899,253.05,348.69
2025-01-01,2,9.66,0.7835,1.021,8.23,-0.089,295.24,314.4
2023-01-01,3,48.45,0.7835,1.004,8.09,0.441,274.07,425.5
2023-02-01,3,18.23,0.875,0.975,3.61,-1.196,239.65,318.18
2023-03-01,3,20.55,1.0,1.087,7.13,-0.178,339.17,384.89
2023-04-01,3,15.0,1.125,0.955,5.79,1.097,170.35,308.18
2023-05-01,3,58.62,1.2165,1.026,4.24,0.97,326.0,555.2
2023-06-01,3,47.96,1.25,1.066,9.93,-0.797,310.03,450.34
2023-07-01,3,56.14,1.2165,0.881,2.9,-0.546,233.95,495.93
2023-08-01,3,52.39,1.125,0.94,4.13,-0.989,180.57,430.49
2023-09-01,3,54.85,1.0,1.004,9.03,-0.656,181.17,409.55
2023-10-01,3,31.35,0.875,1.05,2.89,-1.399,334.36,424.62
2023-11-01,3,14.38,0.7835,1.114,1.53,-0.138,196.74,295.75
2023-12-01,3,22.98,0.75,0.983,3.1,0.633,324.82,416.18
2024-01-01,3,21.08,0.7835,0.975,7.59,-0.785,250.66,332.77
2024-02-01,3,44.44,0.875,0.93,8.6,-0.091,242.35,386.58
2024-03-01,3,6.41,1.0,1.026,1.14,-0.22,273.9,347.85
2024-04-01,3,12.81,1.125,0.976,6.22,1.055,193.01,325.87
2024-05-01,3,42.56,1.2165,0.978,5.67,-0.612,235.67,433.91
2024-06-01,3,11.79,1.25,0.992,6.69,-0.575,337.7,365.75
2024-07-01,3,7.66,1.2165,1.044,6.71,-0.846,197.65,275.54
2024-08-01,3,11.01,1.125,0.955,9.59,-1.138,334.32,339.37
2024-09-01,3,42.99,1.0,0.938,3.47,0.529,348.84,516.98
2024-10-01,3,12.66,0.875,1.035,3.0,-0.135,160.38,265.12
2024-11-01,3,13.05,0.7835,0.758,5.81,0.055,256.28,339.83
2024-12-01,3,17.67,0.75,0.952,4.29,1.275,184.36,333.18
2025-01-01,3,46.3,0.7835,0.908,4.74,1.332,274.34,465.94
2023-01-01,4,16.02,0.7835,1.096,0.69,-1.646,347.91,361.77
2023-02-01,4,6.95,0.875,0.965,1.48,0.648,329.38,393.04
2023-03-01,4,54.82,1.0,0.955,9.35,0.226,334.97,517.07
2023-04-01,4,53.2,1.125,0.996,0.68,-0.462,192.67,463.29
2023-05-01,4,15.17,1.2165,0.952,5.9,0.328,258.46,377.19
2023-06-01,4,19.59,1.25,0.968,7.55,-1.726,196.97,308.62
2023-07-01,4,15.37,1.2165,1.008,0.12,1.463,329.88,440.21
2023-08-01,4,44.57,1.125,0.966,2.23,0.515,188.23,426.79
2023-09-01,4,18.75,1.0,0.966,3.77,-0.865,180.79,316.11
2023-10-01,4,56.23,0.875,0.919,5.07,-0.585,152.43,407.84
2023-11-01,4,50.52,0.7835,0.908,3.42,-1.703,186.39,396.88
2023-12-01,4,37.36,0.75,1.005,6.49,-0.314,187.95,360.97
2024-01-01,4,5.49,0.7835,1.025,2.26,-0.483,165.5,270.14
2024-02-01,4,53.6,0.875,0.886,0.25,-1.325,323.55,519.62
2024-03-01,4,45.03,1.0,1.061,0.02,0.777,306.0,518.01
2024-04-01,4,48.33,1.125,1.061,3.46,1.277,200.9,439.78
2024-05-01,4,8.95,1.2165,1.078,3.62,-0.027,306.65,342.98
2024-06-01,4,43.97,1.25,1.024,9.49,-0.306,234.43,423.59
2024-07-01,4,49.25,1.2165,1.051,0.45,0.435,305.1,507.59
2024-08-01,4,57.61,1.125,1.175,5.3,-0.02,214.6,443.22
2024-09-01,4,36.93,1.0,0.976,5.78,-1.082,262.93,383.03
2024-10-01,4,32.94,0.875,0.916,6.99,-0.653,226.32,360.24
2024-11-01,4,28.4,0.7835,0.877,6.39,-0.296,187.54,323.64
2024-12-01,4,43.57,0.75,1.14,0.08,0.248,267.13,433.85
2025-01-01,4,55.65,0.7835,1.142,6.32,0.009,300.17,461.51
2023-01-01,5,37.99,0.7835,0.926,3.22,0.21,300.62,451.59
2023-02-01,5,17.5,0.875,0.942,7.73,-1.525,221.26,315.31
2023-03-01,5,5.97,1.0,0.974,1.88,0.665,253.74,350.49
2023-04-01,5,39.05,1.125,1.098,7.16,0.003,302.76,416.55
2023-05-01,5,52.55,1.2165,0.897,6.25,2.553,160.9,475.89
2023-06-01,5,8.63,1.25,0.843,6.52,-0.388,164.38,296.86
2023-07-01,5,26.87,1.2165,1.173,1.76,0.323,225.24,379.25
2023-08-01,5,56.7,1.125,1.025,6.69,2.829,194.69,482.5
2023-09-01,5,32.59,1.0,1.036,7.37,0.194,224.93,376.05
2023-10-01,5,17.14,0.875,0.984,4.89,-0.068,168.75,290.66
2023-11-01,5,24.45,0.7835,1.037,3.4,-0.987,268.4,357.49
2023-12-01,5,27.45,0.75,0.879,1.67,1.528,284.35,450.63
2024-01-01,5,11.45,0.7835,0.933,2.9,-1.159,308.37,342.9
2024-02-01,5,41.34,0.875,1.008,7.64,0.427,280.1,417.2
2024-03-01,5,37.57,1.0,0.818,4.09,-0.474,229.28,420.57
2024-04-01,5,40.62,1.125,0.976,7.03,-0.189,336.99,457.62
2024-05-01,5,38.59,1.2165,0.971,7.4,-1.424,295.27,408.16
2024-06-01,5,5.92,1.25,0.976,6.74,1.343,255.54,341.47
2024-07-01,5,14.6,1.2165,0.956,6.74,-0.278,191.37,332.96
2024-08-01,5,14.11,1.125,0.92,6.11,-1.215,279.79,350.37
2024-09-01,5,10.39,1.0,0.854,5.18,1.253,268.34,373.27
2024-10-01,5,45.45,0.875,1.012,1.98,-0.504,286.67,432.76
2024-11-01,5,11.61,0.7835,0.976,8.43,0.335,306.22,347.24
2024-12-01,5,41.75,0.75,0.89,9.64,0.841,333.01,463.37
2025-01-01,5,14.81,0.7835,1.005,4.66,0.474,339.81,378.43
2023-01-01,6,11.51,0.7835,0.976,9.33,-2.197,276.04,287.72
2023-02-01,6,13.94,0.875,0.963,9.98,0.695,343.19,376.79
2023-03-01,6,32.96,1.0,0.827,4.86,-0.101,332.28,451.26
2023-04-01,6,40.5,1.125,1.055,7.24,-0.329,150.52,360.63
2023-05-01,6,49.66,1.2165,0.901,6.44,-0.109,277.52,499.29
2023-06-01,6,12.07,1.25,1.005,2.37,-1.61,185.69,299.26
2023-07-01,6,38.89,1.2165,0.935,0.47,0.192,209.04,429.72
2023-08-01,6,47.56,1.125,0.969,4.53,-1.364,209.5,416.72
2023-09-01,6,22.18,1.0,1.092,7.87,-0.286,246.63,347.34
2023-10-01,6,9.38,0.875,1.043,3.25,0.156,152.17,254.32
2023-11-01,6,13.58,0.7835,1.09,7.84,1.074,197.16,295.7
2023-12-01,6,10.04,0.75,1.026,6.55,-0.82,155.82,230.88
2024-01-01,6,53.8,0.7835,1.032,6.96,1.452,280.11,481.62
2024-02-01,6,25.72,0.875,0.858,2.86,0.947,327.86,444.36
2024-03-01,6,33.78,1.0,0.975,4.7,-0.429,349.56,449.14
2024-04-01,6,47.28,1.125,0.982,1.82,-1.109,239.71,467.18
2024-05-01,6,25.43,1.2165,1.098,2.47,-1.444,202.03,326.46
2024-06-01,6,40.7,1.25,0.96,0.9,0.272,320.62,511.56
2024-07-01,6,9.22,1.2165,1.021,1.27,-0.737,172.63,319.87
2024-08-01,6,31.45,1.125,1.018,2.11,1.199,344.85,491.34
2024-09-01,6,10.31,1.0,1.093,5.8,-0.68,292.97,312.3
2024-10-01,6,18.66,0.875,0.989,4.41,-0.901,250.79,323.52
2024-11-01,6,21.13,0.7835,1.066,2.67,0.234,169.33,302.74
2024-12-01,6,44.47,0.75,0.864,8.61,-0.686,153.64,360.31
2025-01-01,6,42.08,0.7835,0.871,5.25,0.009,258.91,437.47
2023-01-01,7,46.09,0.7835,0.817,9.23,0.986,232.77,419.66
2023-02-01,7,8.4,0.875,1.063,6.35,0.117,318.53,330.23
2023-03-01,7,59.67,1.0,1.054,0.16,0.121,278.46,509.39
2023-04-01,7,7.99,1.125,1.072,9.13,0.205,236.38,294.77
2023-05-01,7,50.42,1.2165,0.946,8.57,-1.693,195.2,429.18
2023-06-01,7,45.71,1.25,0.955,6.35,0.392,246.08,447.28
2023-07-01,7,37.55,1.2165,0.99,5.35,0.16,182.6,381.12
2023-08-01,7,29.14,1.125,1.115,4.53,0.893,283.4,402.49
2023-09-01,7,46.64,1.0,1.136,4.82,0.606,271.15,457.84
2023-10-01,7,45.69,0.875,1.064,7.69,-0.202,312.01,445.34
2023-11-01,7,12.54,0.7835,1.026,5.13,1.032,239.91,316.84
2023-12-01,7,48.59,0.75,1.107,1.76,-0.293,205.73,405.49
2024-01-01,7,9.32,0.7835,0.98,0.58,0.247,317.28,364.89
2024-02-01,7,32.53,0.875,0.969,1.26,-0.311,288.2,432.04
2024-03-01,7,40.48,1.0,0.99,2.51,0.462,291.34,498.26
2024-04-01,7,50.19,1.125,0.922,3.68,-0.376,255.62,482.07
2024-05-01,7,30.47,1.2165,0.986,8.92,1.648,325.2,452.71
2024-06-01,7,18.03,1.25,0.911,2.39,2.017,195.56,379.55
2024-07-01,7,31.99,1.2165,1.082,3.2,0.874,230.34,394.74
2024-08-01,7,18.76,1.125,1.043,2.23,1.541,309.25,433.23
2024-09-01,7,34.08,1.0,1.114,5.46,-1.539,176.59,335.68
2024-10-01,7,30.44,0.875,0.87,6.17,-1.421,311.62,402.35
2024-11-01,7,47.93,0.7835,1.152,5.32,-0.322,220.52,411.06
2024-12-01,7,18.2,0.75,0.874,9.52,0.041,175.1,291.39
2025-01-01,7,16.0,0.7835,0.904,9.95,-0.198,165.83,281.73
2023-01-01,8,31.08,0.7835,0.95,8.37,-1.642,318.61,390.1
2023-02-01,8,7.78,0.875,1.105,8.05,1.152,305.72,331.77
2023-03-01,8,17.61,1.0,1.018,3.66,2.154,207.61,350.78
2023-04-01,8,24.45,1.125,0.98,5.8,1.281,173.27,353.33
2023-05-01,8,31.82,1.2165,0.937,3.51,1.086,199.45,420.96
2023-06-01,8,19.82,1.25,0.89,7.84,0.226,192.6,338.24
2023-07-01,8,35.84,1.2165,1.091,1.72,-0.843,296.61,446.54
2023-08-01,8,53.31,1.125,1.064,2.17,0.073,193.11,435.53
2023-09-01,8,34.91,1.0,1.108,0.39,2.106,193.22,423.19
2023-10-01,8,20.78,0.875,1.032,6.09,-0.352,156.45,292.95
2023-11-01,8,8.41,0.7835,0.789,6.89,-0.455,269.37,313.49
2023-12-01,8,12.52,0.75,0.9,0.03,1.107,287.8,387.03
2024-01-01,8,35.87,0.7835,1.037,5.11,1.174,280.7,436.73
2024-02-01,8,42.6,0.875,0.97,3.77,-0.848,263.72,413.22
2024-03-01,8,7.73,1.0,0.955,7.92,-0.261,343.21,346.31
2024-04-01,8,15.21,1.125,0.912,0.39,-0.502,244.55,370.74
2024-05-01,8,22.55,1.2165,1.076,0.49,0.07,322.03,458.28
2024-06-01,8,22.59,1.25,1.036,6.2,1.104,279.2,396.37
2024-07-01,8,57.71,1.2165,1.04,5.92,-0.804,166.83,433.07
2024-08-01,8,16.21,1.125,0.949,8.31,1.09,312.02,397.58
2024-09-01,8,8.44,1.0,1.014,5.92,0.102,266.88,319.97
2024-10-01,8,24.42,0.875,0.893,9.49,2.326,280.71,408.6
2024-11-01,8,12.39,0.7835,0.99,3.14,0.319,186.05,295.05
2024-12-01,8,11.96,0.75,0.798,3.98,-0.097,237.5,332.56
2025-01-01,8,27.41,0.7835,0.875,9.78,0.575,326.12,391.94
2023-01-01,9,21.85,0.7835,0.974,1.08,-0.337,193.09,336.12
2023-02-01,9,10.04,0.875,1.19,7.96,-1.795,150.02,216.08
2023-03-01,9,38.24,1.0,0.856,0.12,-0.241,201.5,425.81
2023-04-01,9,32.59,1.125,0.901,4.87,-0.256,247.51,426.4
2023-05-01,9,9.24,1.2165,1.017,1.53,-1.592,314.26,371.32
2023-06-01,9,52.45,1.25,1.142,5.99,-0.073,278.66,471.79
2023-07-01,9,20.66,1.2165,1.016,7.98,-2.067,333.81,368.55
2023-08-01,9,57.88,1.125,1.056,0.33,-0.348,241.11,486.97
2023-09-01,9,56.23,1.0,0.973,1.64,0.244,228.16,466.78
2023-10-01,9,28.88,0.875,0.959,3.43,0.097,196.28,360.1
2023-11-01,9,17.57,0.7835,1.007,2.56,-0.411,193.61,313.43
2023-12-01,9,50.92,0.75,0.947,3.83,-0.086,297.22,499.39
2024-01-01,9,24.87,0.7835,1.058,9.52,-0.784,166.07,284.08
2024-02-01,9,14.0,0.875,0.871,1.01,0.011,198.54,325.92
2024-03-01,9,35.34,1.0,1.071,4.23,0.058,327.18,429.73
2024-04-01,9,31.92,1.125,1.003,4.57,-0.9,265.38,399.63
2024-05-01,9,51.75,1.2165,0.983,2.8,0.268,159.32,448.98
2024-06-01,9,45.11,1.25,0.869,2.79,0.261,290.85,502.18
2024-07-01,9,53.19,1.2165,0.922,7.15,-0.166,251.34,482.02
2024-08-01,9,45.41,1.125,1.096,6.18,2.421,320.9,502.66
2024-09-01,9,40.32,1.0,0.983,8.13,-0.141,286.49,438.51
2024-10-01,9,32.51,0.875,1.022,4.05,-0.279,150.89,315.8
2024-11-01,9,59.32,0.7835,0.93,6.07,-0.422,191.15,455.69
2024-12-01,9,57.75,0.75,0.998,8.94,-0.971,201.59,393.72
2025-01-01,9,51.69,0.7835,0.89,8.51,0.686,290.45,485.1
2023-01-01,10,47.64,0.7835,1.008,9.2,-0.686,251.86,402.83
2023-02-01,10,36.77,0.875,1.03,2.69,-0.568,299.49,430.14
2023-03-01,10,19.29,1.0,1.026,9.85,-0.538,252.57,323.03
2023-04-01,10,53.15,1.125,0.928,8.16,-0.985,215.48,436.57
2023-05-01,10,5.59,1.2165,0.973,7.95,-1.751,170.73,252.95
2023-06-01,10,17.51,1.25,1.043,6.68,-0.463,190.52,327.25
2023-07-01,10,27.21,1.2165,0.983,9.83,0.873,230.16,393.4
2023-08-01,10,37.24,1.125,0.977,4.42,0.197,260.29,439.21
2023-09-01,10,35.85,1.0,1.152,7.42,1.561,337.73,472.78
2023-10-01,10,14.67,0.875,0.924,6.99,0.751,197.94,316.85
2023-11-01,10,10.76,0.7835,1.086,7.32,0.524,283.22,335.08
2023-12-01,10,17.23,0.75,0.908,7.51,1.883,180.51,327.25
2024-01-01,10,24.18,0.7835,1.052,1.91,-0.097,292.75,383.14
2024-02-01,10,5.77,0.875,1.057,3.49,0.063,152.27,255.79
2024-03-01,10,43.09,1.0,0.959,3.92,-0.011,281.18,465.29
2024-04-01,10,18.63,1.125,0.903,7.48,1.544,182.64,345.81
2024-05-01,10,24.33,1.2165,0.842,7.16,0.003,186.06,363.34
2024-06-01,10,23.42,1.25,0.951,8.33,-0.648,261.78,383.14
2024-07-01,10,33.15,1.2165,1.042,7.89,0.588,225.08,390.69
2024-08-01,10,52.29,1.125,0.914,5.96,-0.816,244.26,425.06
2024-09-01,10,13.22,1.0,1.008,1.4,0.533,211.78,359.2
2024-10-01,10,23.74,0.875,0.882,6.35,0.414,340.69,422.48
2024-11-01,10,43.06,0.7835,0.981,8.87,-0.189,208.13,368.92
2024-12-01,10,7.43,0.75,0.908,6.43,0.566,258.41,306.52
2025-01-01,10,50.65,0.7835,0.994,8.96,-1.488,320.87,441.04
2023-01-01,11,57.9,0.7835,0.96,9.99,0.163,282.84,462.83
2023-02-01,11,38.42,0.875,0.905,3.59,-0.463,214.56,392.42
2023-03-01,11,57.61,1.0,0.947,7.23,2.862,260.49,512.8
2023-04-01,11,27.72,1.125,0.925,5.4,0.156,166.6,360.32
2023-05-01,11,27.83,1.2165,0.895,4.55,-0.596,259.14,431.67
2023-06-01,11,10.84,1.25,1.087,2.4,-1.378,236.28,329.83
2023-07-01,11,6.95,1.2165,0.971,2.46,1.305,301.59,404.97
2023-08-01,11,18.45,1.125,0.824,1.85,-0.35,319.58,423.92
2023-09-01,11,31.3,1.0,0.95,6.31,-0.791,189.92,351.9
2023-10-01,11,32.92,0.875,1.073,1.42,0.336,166.31,364.72
2023-11-01,11,16.97,0.7835,0.939,4.31,0.65,228.11,335.27
2023-12-01,11,38.7,0.75,1.12,5.23,0.634,256.83,397.13
2024-01-01,11,14.97,0.7835,0.931,4.38,0.02,225.36,337.28
2024-02-01,11,22.94,0.875,1.04,8.55,0.159,275.71,369.98
2024-03-01,11,15.76,1.0,1.083,4.43,0.232,251.13,343.55
2024-04-01,11,43.32,1.125,1.036,0.83,0.336,337.33,494.32
2024-05-01,11,33.41,1.2165,0.89,9.92,0.425,231.88,397.3
2024-06-01,11,45.49,1.25,0.925,8.45,1.094,166.5,400.39
2024-07-01,11,8.15,1.2165,1.094,6.6,0.056,210.39,296.43
2024-08-01,11,28.39,1.125,0.936,7.56,-0.817,271.18,392.14
2024-09-01,11,58.18,1.0,1.078,1.28,-0.144,201.21,457.24
2024-10-01,11,7.95,0.875,0.966,7.66,0.754,203.8,292.76
2024-11-01,11,28.01,0.7835,1.011,2.08,-1.787,217.91,345.91
2024-12-01,11,7.22,0.75,0.889,4.89,-1.781,299.23,321.03
2025-01-01,11,13.07,0.7835,0.951,1.78,0.918,338.03,390.56
2023-01-01,12,30.44,0.7835,0.93,7.54,1.52,220.08,377.47
2023-02-01,12,13.66,0.875,1.018,2.46,-1.265,189.1,294.38
2023-03-01,12,33.53,1.0,1.007,2.53,0.1,234.13,424.26
2023-04-01,12,55.75,1.125,1.037,1.09,-0.4,220.37,469.27
2023-05-01,12,16.02,1.2165,0.961,7.21,-0.261,348.0,410.46
2023-06-01,12,10.9,1.25,0.926,2.96,0.306,242.77,373.05
2023-07-01,12,50.39,1.2165,1.015,5.18,-1.293,285.86,466.04
2023-08-01,12,30.31,1.125,0.918,3.32,-1.107,332.76,459.87
2023-09-01,12,53.54,1.0,1.086,7.75,-0.301,275.81,468.9
2023-10-01,12,21.84,0.875,0.991,2.26,-0.145,199.88,357.68
2023-11-01,12,39.51,0.7835,0.974,9.41,-1.126,271.48,393.01
2023-12-01,12,55.78,0.75,1.037,3.21,0.79,230.38,491.07
2024-01-01,12,14.44,0.7835,0.994,1.04,-0.418,234.47,324.92
2024-02-01,12,49.04,0.875,0.867,2.4,-0.422,345.86,543.06
2024-03-01,12,39.73,1.0,0.915,0.74,0.283,205.72,439.48
2024-04-01,12,49.71,1.125,1.085,4.69,-0.129,243.79,464.48
2024-05-01,12,14.39,1.2165,1.007,2.5,0.837,181.97,334.98
2024-06-01,12,28.87,1.25,0.865,8.86,-0.933,185.71,361.58
2024-07-01,12,12.09,1.2165,1.028,5.17,-1.397,270.7,351.78
2024-08-01,12,57.8,1.125,0.955,2.33,-0.31,300.2,514.65
2024-09-01,12,8.45,1.0,0.93,4.51,0.06,277.29,345.83
2024-10-01,12,8.6,0.875,0.908,1.96,-1.241,215.86,276.97
2024-11-01,12,54.4,0.7835,1.08,1.79,-1.388,161.92,391.72
2024-12-01,12,21.54,0.75,0.843,3.01,0.182,244.05,364.64
2025-01-01,12,37.84,0.7835,0.933,1.08,-0.758,250.85,415.35
